{
  "Name": "Bear",
  "WildSpawnType": "pmcBEAR",
  "DifficultyModifier": 1.0,
  "Settings": {
    "easy": {
      "Difficulty": {
        "VisibleDistCoef": 0.85,
        "GainSightCoef": 1.5,
        "ScatteringCoef": 1.5,
        "HearingDistanceCoef": 0.55,
        "AggressionCoef": 0.8,
        "PrecisionSpeedCoef": 2.0,
        "AccuracySpeedCoef": 2.0
      },
      "Core": {
        "VisibleAngle": 95.0,
        "VisibleDistance": 162.0,
        "GainSightCoef": 0.1,
        "AccuratySpeed": 0.2,
        "ScatteringPerMeter": 0.045,
        "ScatteringClosePerMeter": 0.12,
        "HearingDistanceMulti": 0.85,
        "CanGrenade": true
      },
      "Aiming": {
        "AimCenterMass": true,
        "DistanceAimTimeMultiplier": 1.2,
        "AngleAimTimeMultiplier": 1.3,
        "FasterCQBReactions": true,
        "FasterCQBReactionsDistance": 20.0,
        "FasterCQBReactionsMinimum": 0.45,
        "MAX_AIMING_UPGRADE_BY_TIME": 0.3,
        "DIST_TO_SHOOT_NO_OFFSET": 3.0,
        "COEF_IF_MOVE": 2.0,
        "MAX_AIM_TIME": 2.0,
        "DAMAGE_TO_DISCARD_AIM_0_100": 100.0,
        "BASE_HIT_AFFECTION_DELAY_SEC": 0.9,
        "MIN_TIME_DISCARD_AIM_SEC": 0.8,
        "MAX_TIME_DISCARD_AIM_SEC": 1.5,
        "FIRST_CONTACT_ADD_SEC": 0.2
      },
      "Boss": {
        "SET_CHEAT_VISIBLE_WHEN_ADD_TO_ENEMY": false
      },
      "Change": {},
      "Grenade": {
        "CanThrowWhileSprinting": false,
        "ThrowAtVisibleEnemies": false,
        "TimeSinceSeenBeforeThrow": 7.0,
        "ThrowGrenadeFrequency": 5.0,
        "ThrowGrenadeFrequency_MAX": 10.0,
        "MinFriendlyDistance": 8.0,
        "MinEnemyDistance": 8.0,
        "GrenadePrecision": 0.4
      },
      "Hearing": {},
      "Lay": {},
      "Look": {
        "MinimumVisionSpeed": 0.0,
        "CAN_USE_LIGHT": true,
        "FULL_SECTOR_VIEW": false,
        "MAX_DIST_CLAMP_TO_SEEN_SPEED": 500.0,
        "VISIBLE_ANG_NIGHTVISION": 90.0,
        "VISIBLE_ANG_LIGHT": 35.0,
        "VISIBLE_DISNACE_WITH_LIGHT": 65.0,
        "VISIBLE_DISNACE_WITH_IR_LIGHT": 65.0
      },
      "Mind": {
        "Aggression": 0.9,
        "WeaponProficiency": 0.3,
        "SuppressionResistance": 0.0,
        "TalkFrequency": 1.0,
        "CanTalk": true,
        "BotTaunts": true,
        "SquadTalk": true,
        "SquadMemberTalkFreq": 3.0,
        "SquadLeadTalkFreq": 3.0,
        "EnableExtracts": true,
        "MaxExtractPercentage": 30.0,
        "MinExtractPercentage": 5.0
      },
      "Move": {
        "LEAN_TOGGLE": true,
        "LEAN_INCOVER_TOGGLE": true,
        "JUMP_TOGGLE": true,
        "AUTOCROUCH_TOGGLE": true,
        "PRONE_TOGGLE": true,
        "PRONE_SUPPRESS_TOGGLE": true,
        "VAULT_TOGGLE": true,
        "VAULT_UNSTUCK_TOGGLE": true
      },
      "Patrol": {},
      "Scattering": {
        "HandDamageScatteringMinMax": 1.7,
        "HandDamageAccuracySpeed": 1.7
      },
      "Shoot": {
        "RecoilMultiplier": 1.75,
        "BurstMulti": 1.0,
        "FireratMulti": 1.5,
        "MaxPointFireDistance": 150.0,
        "AUTOMATIC_FIRE_SCATTERING_COEF": 1.9,
        "BASE_AUTOMATIC_TIME": 0.4,
        "RECOIL_DELTA_PRESS": 0.0
      }
    },
    "normal": {
      "Difficulty": {
        "VisibleDistCoef": 1.0,
        "GainSightCoef": 1.35,
        "ScatteringCoef": 1.3,
        "HearingDistanceCoef": 0.7,
        "AggressionCoef": 0.9,
        "PrecisionSpeedCoef": 1.7,
        "AccuracySpeedCoef": 1.7
      },
      "Core": {
        "VisibleAngle": 127.5,
        "VisibleDistance": 180.0,
        "GainSightCoef": 0.07,
        "AccuratySpeed": 0.17,
        "ScatteringPerMeter": 0.045,
        "ScatteringClosePerMeter": 0.12,
        "HearingDistanceMulti": 1.0,
        "CanGrenade": true
      },
      "Aiming": {
        "AimCenterMass": true,
        "DistanceAimTimeMultiplier": 1.1,
        "AngleAimTimeMultiplier": 1.2,
        "FasterCQBReactions": true,
        "FasterCQBReactionsDistance": 25.0,
        "FasterCQBReactionsMinimum": 0.4,
        "MAX_AIMING_UPGRADE_BY_TIME": 0.28,
        "DIST_TO_SHOOT_NO_OFFSET": 3.0,
        "COEF_IF_MOVE": 1.8,
        "MAX_AIM_TIME": 1.75,
        "DAMAGE_TO_DISCARD_AIM_0_100": 100.0,
        "BASE_HIT_AFFECTION_DELAY_SEC": 0.85,
        "MIN_TIME_DISCARD_AIM_SEC": 0.7,
        "MAX_TIME_DISCARD_AIM_SEC": 1.5,
        "FIRST_CONTACT_ADD_SEC": 0.2
      },
      "Boss": {
        "SET_CHEAT_VISIBLE_WHEN_ADD_TO_ENEMY": false
      },
      "Change": {},
      "Grenade": {
        "CanThrowWhileSprinting": false,
        "ThrowAtVisibleEnemies": false,
        "TimeSinceSeenBeforeThrow": 6.0,
        "ThrowGrenadeFrequency": 5.0,
        "ThrowGrenadeFrequency_MAX": 10.0,
        "MinFriendlyDistance": 8.0,
        "MinEnemyDistance": 8.0,
        "GrenadePrecision": 0.3
      },
      "Hearing": {},
      "Lay": {},
      "Look": {
        "MinimumVisionSpeed": 0.0,
        "CAN_USE_LIGHT": true,
        "FULL_SECTOR_VIEW": false,
        "MAX_DIST_CLAMP_TO_SEEN_SPEED": 500.0,
        "VISIBLE_ANG_NIGHTVISION": 90.0,
        "VISIBLE_ANG_LIGHT": 35.0,
        "VISIBLE_DISNACE_WITH_LIGHT": 65.0,
        "VISIBLE_DISNACE_WITH_IR_LIGHT": 65.0
      },
      "Mind": {
        "Aggression": 1.0,
        "WeaponProficiency": 0.4,
        "SuppressionResistance": 0.0,
        "TalkFrequency": 1.0,
        "CanTalk": true,
        "BotTaunts": true,
        "SquadTalk": true,
        "SquadMemberTalkFreq": 3.0,
        "SquadLeadTalkFreq": 3.0,
        "EnableExtracts": true,
        "MaxExtractPercentage": 30.0,
        "MinExtractPercentage": 5.0
      },
      "Move": {
        "LEAN_TOGGLE": true,
        "LEAN_INCOVER_TOGGLE": true,
        "JUMP_TOGGLE": true,
        "AUTOCROUCH_TOGGLE": true,
        "PRONE_TOGGLE": true,
        "PRONE_SUPPRESS_TOGGLE": true,
        "VAULT_TOGGLE": true,
        "VAULT_UNSTUCK_TOGGLE": true
      },
      "Patrol": {},
      "Scattering": {
        "HandDamageScatteringMinMax": 1.6,
        "HandDamageAccuracySpeed": 1.6
      },
      "Shoot": {
        "RecoilMultiplier": 1.5,
        "BurstMulti": 1.25,
        "FireratMulti": 1.5,
        "MaxPointFireDistance": 150.0,
        "AUTOMATIC_FIRE_SCATTERING_COEF": 1.7,
        "BASE_AUTOMATIC_TIME": 0.4,
        "RECOIL_DELTA_PRESS": 0.0
      }
    },
    "hard": {
      "Difficulty": {
        "VisibleDistCoef": 1.15,
        "GainSightCoef": 1.2,
        "ScatteringCoef": 1.1,
        "HearingDistanceCoef": 0.85,
        "AggressionCoef": 1.0,
        "PrecisionSpeedCoef": 1.35,
        "AccuracySpeedCoef": 1.35
      },
      "Core": {
        "VisibleAngle": 155.0,
        "VisibleDistance": 195.0,
        "GainSightCoef": 0.06,
        "AccuratySpeed": 0.1,
        "ScatteringPerMeter": 0.045,
        "ScatteringClosePerMeter": 0.12,
        "HearingDistanceMulti": 1.15,
        "CanGrenade": true
      },
      "Aiming": {
        "AimCenterMass": true,
        "DistanceAimTimeMultiplier": 1.0,
        "AngleAimTimeMultiplier": 1.1,
        "FasterCQBReactions": true,
        "FasterCQBReactionsDistance": 30.0,
        "FasterCQBReactionsMinimum": 0.35,
        "MAX_AIMING_UPGRADE_BY_TIME": 0.27,
        "DIST_TO_SHOOT_NO_OFFSET": 3.0,
        "COEF_IF_MOVE": 1.6,
        "MAX_AIM_TIME": 1.6,
        "DAMAGE_TO_DISCARD_AIM_0_100": 100.0,
        "BASE_HIT_AFFECTION_DELAY_SEC": 0.7,
        "MIN_TIME_DISCARD_AIM_SEC": 0.6,
        "MAX_TIME_DISCARD_AIM_SEC": 1.5,
        "FIRST_CONTACT_ADD_SEC": 0.2
      },
      "Boss": {
        "SET_CHEAT_VISIBLE_WHEN_ADD_TO_ENEMY": false
      },
      "Change": {},
      "Grenade": {
        "CanThrowWhileSprinting": false,
        "ThrowAtVisibleEnemies": false,
        "TimeSinceSeenBeforeThrow": 5.0,
        "ThrowGrenadeFrequency": 5.0,
        "ThrowGrenadeFrequency_MAX": 10.0,
        "MinFriendlyDistance": 8.0,
        "MinEnemyDistance": 8.0,
        "GrenadePrecision": 0.2
      },
      "Hearing": {},
      "Lay": {},
      "Look": {
        "MinimumVisionSpeed": 0.0,
        "CAN_USE_LIGHT": true,
        "FULL_SECTOR_VIEW": false,
        "MAX_DIST_CLAMP_TO_SEEN_SPEED": 500.0,
        "VISIBLE_ANG_NIGHTVISION": 90.0,
        "VISIBLE_ANG_LIGHT": 35.0,
        "VISIBLE_DISNACE_WITH_LIGHT": 65.0,
        "VISIBLE_DISNACE_WITH_IR_LIGHT": 65.0
      },
      "Mind": {
        "Aggression": 1.1,
        "WeaponProficiency": 0.5,
        "SuppressionResistance": 0.0,
        "TalkFrequency": 1.0,
        "CanTalk": true,
        "BotTaunts": true,
        "SquadTalk": true,
        "SquadMemberTalkFreq": 3.0,
        "SquadLeadTalkFreq": 3.0,
        "EnableExtracts": true,
        "MaxExtractPercentage": 30.0,
        "MinExtractPercentage": 5.0
      },
      "Move": {
        "LEAN_TOGGLE": true,
        "LEAN_INCOVER_TOGGLE": true,
        "JUMP_TOGGLE": true,
        "AUTOCROUCH_TOGGLE": true,
        "PRONE_TOGGLE": true,
        "PRONE_SUPPRESS_TOGGLE": true,
        "VAULT_TOGGLE": true,
        "VAULT_UNSTUCK_TOGGLE": true
      },
      "Patrol": {},
      "Scattering": {
        "HandDamageScatteringMinMax": 1.5,
        "HandDamageAccuracySpeed": 1.5
      },
      "Shoot": {
        "RecoilMultiplier": 1.25,
        "BurstMulti": 1.5,
        "FireratMulti": 1.5,
        "MaxPointFireDistance": 150.0,
        "AUTOMATIC_FIRE_SCATTERING_COEF": 1.5,
        "BASE_AUTOMATIC_TIME": 0.4,
        "RECOIL_DELTA_PRESS": 0.0
      }
    },
    "impossible": {
      "Difficulty": {
        "VisibleDistCoef": 1.3,
        "GainSightCoef": 1.1,
        "ScatteringCoef": 1.0,
        "HearingDistanceCoef": 1.0,
        "AggressionCoef": 1.2,
        "PrecisionSpeedCoef": 1.0,
        "AccuracySpeedCoef": 1.0
      },
      "Core": {
        "VisibleAngle": 180.0,
        "VisibleDistance": 235.0,
        "GainSightCoef": 0.04,
        "AccuratySpeed": 0.07,
        "ScatteringPerMeter": 0.045,
        "ScatteringClosePerMeter": 0.12,
        "HearingDistanceMulti": 1.3,
        "CanGrenade": true
      },
      "Aiming": {
        "AimCenterMass": true,
        "DistanceAimTimeMultiplier": 0.9,
        "AngleAimTimeMultiplier": 1.0,
        "FasterCQBReactions": true,
        "FasterCQBReactionsDistance": 35.0,
        "FasterCQBReactionsMinimum": 0.3,
        "MAX_AIMING_UPGRADE_BY_TIME": 0.25,
        "DIST_TO_SHOOT_NO_OFFSET": 3.0,
        "COEF_IF_MOVE": 1.5,
        "MAX_AIM_TIME": 1.5,
        "DAMAGE_TO_DISCARD_AIM_0_100": 100.0,
        "BASE_HIT_AFFECTION_DELAY_SEC": 0.65,
        "MIN_TIME_DISCARD_AIM_SEC": 0.5,
        "MAX_TIME_DISCARD_AIM_SEC": 1.5,
        "FIRST_CONTACT_ADD_SEC": 0.2
      },
      "Boss": {
        "SET_CHEAT_VISIBLE_WHEN_ADD_TO_ENEMY": false
      },
      "Change": {},
      "Grenade": {
        "CanThrowWhileSprinting": true,
        "ThrowAtVisibleEnemies": true,
        "TimeSinceSeenBeforeThrow": 4.0,
        "ThrowGrenadeFrequency": 5.0,
        "ThrowGrenadeFrequency_MAX": 10.0,
        "MinFriendlyDistance": 8.0,
        "MinEnemyDistance": 8.0,
        "GrenadePrecision": 0.1
      },
      "Hearing": {},
      "Lay": {},
      "Look": {
        "MinimumVisionSpeed": 0.0,
        "CAN_USE_LIGHT": true,
        "FULL_SECTOR_VIEW": false,
        "MAX_DIST_CLAMP_TO_SEEN_SPEED": 500.0,
        "VISIBLE_ANG_NIGHTVISION": 90.0,
        "VISIBLE_ANG_LIGHT": 35.0,
        "VISIBLE_DISNACE_WITH_LIGHT": 65.0,
        "VISIBLE_DISNACE_WITH_IR_LIGHT": 65.0
      },
      "Mind": {
        "Aggression": 1.2,
        "WeaponProficiency": 0.6,
        "SuppressionResistance": 0.0,
        "TalkFrequency": 1.0,
        "CanTalk": true,
        "BotTaunts": true,
        "SquadTalk": true,
        "SquadMemberTalkFreq": 3.0,
        "SquadLeadTalkFreq": 3.0,
        "EnableExtracts": true,
        "MaxExtractPercentage": 30.0,
        "MinExtractPercentage": 5.0
      },
      "Move": {
        "LEAN_TOGGLE": true,
        "LEAN_INCOVER_TOGGLE": true,
        "JUMP_TOGGLE": true,
        "AUTOCROUCH_TOGGLE": true,
        "PRONE_TOGGLE": true,
        "PRONE_SUPPRESS_TOGGLE": true,
        "VAULT_TOGGLE": true,
        "VAULT_UNSTUCK_TOGGLE": true
      },
      "Patrol": {},
      "Scattering": {
        "HandDamageScatteringMinMax": 1.4,
        "HandDamageAccuracySpeed": 1.4
      },
      "Shoot": {
        "RecoilMultiplier": 1.0,
        "BurstMulti": 1.75,
        "FireratMulti": 1.5,
        "MaxPointFireDistance": 150.0,
        "AUTOMATIC_FIRE_SCATTERING_COEF": 1.4,
        "BASE_AUTOMATIC_TIME": 0.4,
        "RECOIL_DELTA_PRESS": 0.0
      }
    }
  }
}